9034210,5/27/2023
2390112,7/2/2022
2347800,9/1/2023
7346234,10/1/2023
1009453,2/1/2024
1167234,12/1/2023
3001265,12/2/2022
5308963,12/23/2020
8201488,1/24/2022
5964628,3/14/2023
7047829,3/16/2023
4734649,2/25/2023
4416411,3/26/2024
5097408,4/27/2025
3264917,5/28/2026
9880262,3/25/2023
8243441,8/16/2022
1006384,9/11/2023
3201619,7/31/2022
3224715,8/9/2019
5016653,4/14/2023
4851973,4/15/2023
5185449,4/16/2023
9366658,4/17/2023
4606106,4/22/2023
3507578,4/23/2023
9218735,4/12/2023
6526771,4/6/2023
8142124,4/2/2023
4903022,4/23/2023
6418759,5/22/2023
8013351,6/22/2040
6766600,1/22/2030
6560845,1/24/2032
7761847,1/25/2032
6427853,12/23/2032
4276113,11/9/2025
3607467,11/2/2034
4180617,10/23/2025
2920634,3/23/2023
